altitude,aptarea,aptdia,bitpix,bscale,bzero,ccd-temp,date-obs,exposure,exptime,file,filter,flipstat,focallen,history,imagetyp,instrume,jd-obs,latitude,longitud,lst,mjd-obs,naxis,naxis1,naxis2,notes,objctdec,objctra,oscan,oscanax,oscanst,purged,readoutm,set-temp,simple,sitelat,sitelong,swcreate,swowner,telescop,xbinning,xorgsubf,xpixsz,ybinning,yorgsubf,ypixsz,a_0_2,a_1_1,a_2_0,a_order,airmass,alt-obj,ap_0_1,ap_0_2,ap_1_0,ap_1_1,ap_2_0,ap_order,az-obj,b_0_2,b_1_1,b_2_0,b_order,bp_0_1,bp_0_2,bp_1_0,bp_1_1,bp_2_0,bp_order,cd1_1,cd1_2,cd2_1,cd2_2,comment,crpix1,crpix2,crval1,crval2,ctype1,ctype2,cunit1,cunit2,date,dec,equinox,ha,imageh,imagew,latpole,lonpole,ra,secz,wcsaxes
311.8,129717.114362,406.399993896,16,1.0,32768.0,-18.8280675,2013-07-04T08:10:39,15.0,15.0,darks-001D15.fit,R,,3325.0,----- END patch_headers history on 2013-10-25 09:37:43.662845 -----,DARK,Apogee USB/Net,2456477.84073,+46:52:00.41,-96:27:11.80,20:34:51.48,56477.3407292,2,3085,2048,,+46 49 07,20 34 41,True,1,3073,True,Monochrome,-27.2000007629,True,+46:52:00.41,-96:27:11.80,MaxIm DL Version 5.21 130912 01A17,MNState Physics-1,FEDER,1,0,9.0,1,0,9.0,,,,,,,,,,,,,,,,,,,,,,,,,,,,,,,,,,,,,,,,,,,,,,,
311.8,129717.114362,406.399993896,16,1.0,32768.0,-18.89407575,2013-07-04T08:09:55,30.0,30.0,darks-001D30.fit,R,,3325.0,----- END patch_headers history on 2013-10-25 09:37:44.644766 -----,DARK,Apogee USB/Net,2456477.84022,+46:52:00.41,-96:27:11.80,20:34:07.36,56477.3402199,2,3085,2048,,+46 49 07,20 34 11,True,1,3073,True,Monochrome,-27.2000007629,True,+46:52:00.41,-96:27:11.80,MaxIm DL Version 5.21 130912 01A17,MNState Physics-1,FEDER,1,0,9.0,1,0,9.0,,,,,,,,,,,,,,,,,,,,,,,,,,,,,,,,,,,,,,,,,,,,,,,
311.8,129717.114362,406.399993896,16,1.0,32768.0,-18.73062675,2013-07-04T08:15:59,15.0,15.0,darks-002D15.fit,R,,3325.0,----- END patch_headers history on 2013-10-25 09:37:48.810236 -----,DARK,Apogee USB/Net,2456477.84443,+46:52:00.41,-96:27:11.80,20:40:12.36,56477.3444329,2,3085,2048,,+46 49 00,20 40 01,True,1,3073,True,Monochrome,-27.2000007629,True,+46:52:00.41,-96:27:11.80,MaxIm DL Version 5.21 130912 01A17,MNState Physics-1,FEDER,1,0,9.0,1,0,9.0,,,,,,,,,,,,,,,,,,,,,,,,,,,,,,,,,,,,,,,,,,,,,,,
311.8,129717.114362,406.399993896,16,1.0,32768.0,-18.72434025,2013-07-04T08:15:15,30.0,30.0,darks-002D30.fit,R,,3325.0,----- END patch_headers history on 2013-10-25 09:37:49.821634 -----,DARK,Apogee USB/Net,2456477.84392,+46:52:00.41,-96:27:11.80,20:39:28.24,56477.3439236,2,3085,2048,,+46 48 59,20 39 32,True,1,3073,True,Monochrome,-27.2000007629,True,+46:52:00.41,-96:27:11.80,MaxIm DL Version 5.21 130912 01A17,MNState Physics-1,FEDER,1,0,9.0,1,0,9.0,,,,,,,,,,,,,,,,,,,,,,,,,,,,,,,,,,,,,,,,,,,,,,,
311.8,129717.114362,406.399993896,16,1.0,32768.0,-18.75577275,2013-07-04T08:21:25,15.0,15.0,darks-003D15.fit,R,,3325.0,----- END patch_headers history on 2013-10-25 09:37:53.375439 -----,DARK,Apogee USB/Net,2456477.84821,+46:52:00.41,-96:27:11.80,20:45:39.25,56477.348206,2,3085,2048,,+46 48 55,20 45 27,True,1,3073,True,Monochrome,-27.2000007629,True,+46:52:00.41,-96:27:11.80,MaxIm DL Version 5.21 130912 01A17,MNState Physics-1,FEDER,1,0,9.0,1,0,9.0,,,,,,,,,,,,,,,,,,,,,,,,,,,,,,,,,,,,,,,,,,,,,,,
311.8,129717.114362,406.399993896,16,1.0,32768.0,-18.83749725,2013-07-04T08:20:40,30.0,30.0,darks-003D30.fit,R,,3325.0,----- END patch_headers history on 2013-10-25 09:37:54.210362 -----,DARK,Apogee USB/Net,2456477.84769,+46:52:00.41,-96:27:11.80,20:44:54.13,56477.3476852,2,3085,2048,,+46 48 55,20 44 57,True,1,3073,True,Monochrome,-27.2000007629,True,+46:52:00.41,-96:27:11.80,MaxIm DL Version 5.21 130912 01A17,MNState Physics-1,FEDER,1,0,9.0,1,0,9.0,,,,,,,,,,,,,,,,,,,,,,,,,,,,,,,,,,,,,,,,,,,,,,,
311.8,129717.114362,406.399993896,16,1.0,32768.0,-18.696051,2013-07-04T08:26:45,15.0,15.0,darks-004D15.fit,R,,3325.0,----- END patch_headers history on 2013-10-25 09:37:58.417062 -----,DARK,Apogee USB/Net,2456477.85191,+46:52:00.41,-96:27:11.80,20:51:00.13,56477.3519097,2,3085,2048,,+46 48 47,20 50 47,True,1,3073,True,Monochrome,-27.2000007629,True,+46:52:00.41,-96:27:11.80,MaxIm DL Version 5.21 130912 01A17,MNState Physics-1,FEDER,1,0,9.0,1,0,9.0,,,,,,,,,,,,,,,,,,,,,,,,,,,,,,,,,,,,,,,,,,,,,,,
311.8,129717.114362,406.399993896,16,1.0,32768.0,-18.7023375,2013-07-04T08:26:01,30.0,30.0,darks-004D30.fit,R,,3325.0,----- END patch_headers history on 2013-10-25 09:37:59.931298 -----,DARK,Apogee USB/Net,2456477.8514,+46:52:00.41,-96:27:11.80,20:50:16.01,56477.3514005,2,3085,2048,,+46 48 48,20 50 19,True,1,3073,True,Monochrome,-27.2000007629,True,+46:52:00.41,-96:27:11.80,MaxIm DL Version 5.21 130912 01A17,MNState Physics-1,FEDER,1,0,9.0,1,0,9.0,,,,,,,,,,,,,,,,,,,,,,,,,,,,,,,,,,,,,,,,,,,,,,,
311.8,129717.114362,406.399993896,16,1.0,32768.0,-18.683478,2013-07-04T08:31:44,15.0,15.0,darks-005D15.fit,R,,3325.0,----- END patch_headers history on 2013-10-25 09:38:03.561743 -----,DARK,Apogee USB/Net,2456477.85537,+46:52:00.41,-96:27:11.80,20:55:59.95,56477.3553704,2,3085,2048,,+46 48 40,20 55 47,True,1,3073,True,Monochrome,-27.2000007629,True,+46:52:00.41,-96:27:11.80,MaxIm DL Version 5.21 130912 01A17,MNState Physics-1,FEDER,1,0,9.0,1,0,9.0,,,,,,,,,,,,,,,,,,,,,,,,,,,,,,,,,,,,,,,,,,,,,,,
311.8,129717.114362,406.399993896,16,1.0,32768.0,-18.6771915,2013-07-04T08:31:00,30.0,30.0,darks-005D30.fit,R,,3325.0,----- END patch_headers history on 2013-10-25 09:38:04.965593 -----,DARK,Apogee USB/Net,2456477.85486,+46:52:00.41,-96:27:11.80,20:55:15.83,56477.3548611,2,3085,2048,,+46 48 40,20 55 18,True,1,3073,True,Monochrome,-27.2000007629,True,+46:52:00.41,-96:27:11.80,MaxIm DL Version 5.21 130912 01A17,MNState Physics-1,FEDER,1,0,9.0,1,0,9.0,,,,,,,,,,,,,,,,,,,,,,,,,,,,,,,,,,,,,,,,,,,,,,,
311.8,129717.114362,406.399993896,16,1.0,32768.0,-18.6897645,2013-07-04T08:36:43,15.0,15.0,darks-006D15.fit,R,,3325.0,----- END patch_headers history on 2013-10-25 09:38:08.783770 -----,DARK,Apogee USB/Net,2456477.85883,+46:52:00.41,-96:27:11.80,21:00:59.77,56477.358831,2,3085,2048,,+46 48 36,21 00 47,True,1,3073,True,Monochrome,-27.2000007629,True,+46:52:00.41,-96:27:11.80,MaxIm DL Version 5.21 130912 01A17,MNState Physics-1,FEDER,1,0,9.0,1,0,9.0,,,,,,,,,,,,,,,,,,,,,,,,,,,,,,,,,,,,,,,,,,,,,,,
311.8,129717.114362,406.399993896,16,1.0,32768.0,-18.6897645,2013-07-04T08:35:59,30.0,30.0,darks-006D30.fit,R,,3325.0,----- END patch_headers history on 2013-10-25 09:38:09.896213 -----,DARK,Apogee USB/Net,2456477.85832,+46:52:00.41,-96:27:11.80,21:00:15.64,56477.3583218,2,3085,2048,,+46 48 36,21 00 17,True,1,3073,True,Monochrome,-27.2000007629,True,+46:52:00.41,-96:27:11.80,MaxIm DL Version 5.21 130912 01A17,MNState Physics-1,FEDER,1,0,9.0,1,0,9.0,,,,,,,,,,,,,,,,,,,,,,,,,,,,,,,,,,,,,,,,,,,,,,,
311.8,129717.114362,406.399993896,16,1.0,32768.0,-18.70548075,2013-07-04T08:41:46,15.0,15.0,darks-007D15.fit,R,,3325.0,----- END patch_headers history on 2013-10-25 09:38:13.548800 -----,DARK,Apogee USB/Net,2456477.86234,+46:52:00.41,-96:27:11.80,21:06:03.59,56477.362338,2,3085,2048,,,,True,1,3073,True,Monochrome,-27.2000007629,True,+46:52:00.41,-96:27:11.80,MaxIm DL Version 5.21 130912 01A17,MNState Physics-1,FEDER,1,0,9.0,1,0,9.0,,,,,,,,,,,,,,,,,,,,,,,,,,,,,,,,,,,,,,,,,,,,,,,
311.8,129717.114362,406.399993896,16,1.0,32768.0,-18.71805375,2013-07-04T08:41:03,30.0,30.0,darks-007D30.fit,R,,3325.0,----- END patch_headers history on 2013-10-25 09:38:14.551653 -----,DARK,Apogee USB/Net,2456477.86184,+46:52:00.41,-96:27:11.80,21:05:20.48,56477.3618403,2,3085,2048,,,,True,1,3073,True,Monochrome,-27.2000007629,True,+46:52:00.41,-96:27:11.80,MaxIm DL Version 5.21 130912 01A17,MNState Physics-1,FEDER,1,0,9.0,1,0,9.0,,,,,,,,,,,,,,,,,,,,,,,,,,,,,,,,,,,,,,,,,,,,,,,
311.8,129717.114362,406.399993896,16,1.0,32768.0,-18.6520455,2013-07-04T08:46:42,15.0,15.0,darks-008D15.fit,R,,3325.0,----- END patch_headers history on 2013-10-25 09:38:18.512786 -----,DARK,Apogee USB/Net,2456477.86576,+46:52:00.41,-96:27:11.80,21:11:00.41,56477.3657639,2,3085,2048,,,,True,1,3073,True,Monochrome,-27.2000007629,True,+46:52:00.41,-96:27:11.80,MaxIm DL Version 5.21 130912 01A17,MNState Physics-1,FEDER,1,0,9.0,1,0,9.0,,,,,,,,,,,,,,,,,,,,,,,,,,,,,,,,,,,,,,,,,,,,,,,
311.8,129717.114362,406.399993896,16,1.0,32768.0,-18.633186,2013-07-04T08:45:58,30.0,30.0,darks-008D30.fit,R,,3325.0,----- END patch_headers history on 2013-10-25 09:38:19.391278 -----,DARK,Apogee USB/Net,2456477.86525,+46:52:00.41,-96:27:11.80,21:10:16.28,56477.3652546,2,3085,2048,,,,True,1,3073,True,Monochrome,-27.2000007629,True,+46:52:00.41,-96:27:11.80,MaxIm DL Version 5.21 130912 01A17,MNState Physics-1,FEDER,1,0,9.0,1,0,9.0,,,,,,,,,,,,,,,,,,,,,,,,,,,,,,,,,,,,,,,,,,,,,,,
311.8,129717.114362,406.399993896,16,1.0,32768.0,-18.60804,2013-07-04T08:51:37,15.0,15.0,darks-009D15.fit,R,,3325.0,----- END patch_headers history on 2013-10-25 09:38:23.336726 -----,DARK,Apogee USB/Net,2456477.86918,+46:52:00.41,-96:27:11.80,21:15:56.21,56477.3691782,2,3085,2048,,,,True,1,3073,True,Monochrome,-27.2000007629,True,+46:52:00.41,-96:27:11.80,MaxIm DL Version 5.21 130912 01A17,MNState Physics-1,FEDER,1,0,9.0,1,0,9.0,,,,,,,,,,,,,,,,,,,,,,,,,,,,,,,,,,,,,,,,,,,,,,,
311.8,129717.114362,406.399993896,16,1.0,32768.0,-18.63004275,2013-07-04T08:50:54,30.0,30.0,darks-009D30.fit,R,,3325.0,----- END patch_headers history on 2013-10-25 09:38:24.374058 -----,DARK,Apogee USB/Net,2456477.86868,+46:52:00.41,-96:27:11.80,21:15:13.10,56477.3686806,2,3085,2048,,,,True,1,3073,True,Monochrome,-27.2000007629,True,+46:52:00.41,-96:27:11.80,MaxIm DL Version 5.21 130912 01A17,MNState Physics-1,FEDER,1,0,9.0,1,0,9.0,,,,,,,,,,,,,,,,,,,,,,,,,,,,,,,,,,,,,,,,,,,,,,,
311.8,129717.114362,406.399993896,16,1.0,32768.0,-18.66776175,2013-07-04T08:56:40,15.0,15.0,darks-010D15.fit,R,,3325.0,----- END patch_headers history on 2013-10-25 09:38:27.963109 -----,DARK,Apogee USB/Net,2456477.87269,+46:52:00.41,-96:27:11.80,21:21:00.04,56477.3726852,2,3085,2048,,,,True,1,3073,True,Monochrome,-27.2000007629,True,+46:52:00.41,-96:27:11.80,MaxIm DL Version 5.21 130912 01A17,MNState Physics-1,FEDER,1,0,9.0,1,0,9.0,,,,,,,,,,,,,,,,,,,,,,,,,,,,,,,,,,,,,,,,,,,,,,,
311.8,129717.114362,406.399993896,16,1.0,32768.0,-18.68662125,2013-07-04T08:55:57,30.0,30.0,darks-010D30.fit,R,,3325.0,----- END patch_headers history on 2013-10-25 09:38:28.967136 -----,DARK,Apogee USB/Net,2456477.87219,+46:52:00.41,-96:27:11.80,21:20:16.92,56477.3721875,2,3085,2048,,,,True,1,3073,True,Monochrome,-27.2000007629,True,+46:52:00.41,-96:27:11.80,MaxIm DL Version 5.21 130912 01A17,MNState Physics-1,FEDER,1,0,9.0,1,0,9.0,,,,,,,,,,,,,,,,,,,,,,,,,,,,,,,,,,,,,,,,,,,,,,,
311.8,129717.114362,406.399993896,16,1.0,32768.0,-18.71176725,2013-07-04T05:03:32,0.0,0.0,flood-flat-001bias.fit,R,,3325.0,----- END patch_headers history on 2013-10-25 09:38:33.086639 -----,BIAS,Apogee USB/Net,2456477.71079,+46:52:00.41,-96:27:11.80,17:27:13.74,56477.210787,2,3085,2048,,,,True,1,3073,True,Monochrome,-27.2000007629,True,+46:52:00.41,-96:27:11.80,MaxIm DL Version 5.21 130912 01A17,MNState Physics-1,FEDER,1,0,9.0,1,0,9.0,,,,,,,,,,,,,,,,,,,,,,,,,,,,,,,,,,,,,,,,,,,,,,,
311.8,129717.114362,406.399993896,16,1.0,32768.0,-18.73062675,2013-07-04T05:02:18,15.0,15.0,flood-flat-001R.fit,R,,3325.0,----- END patch_headers history on 2013-10-25 09:38:35.068641 -----,FLAT,Apogee USB/Net,2456477.70993,+46:52:00.41,-96:27:11.80,17:25:59.54,56477.2099306,2,3085,2048,,,,True,1,3073,True,Monochrome,-27.2000007629,True,+46:52:00.41,-96:27:11.80,MaxIm DL Version 5.21 130912 01A17,MNState Physics-1,FEDER,1,0,9.0,1,0,9.0,,,,,,,,,,,,,,,,,,,,,,,,,,,,,,,,,,,,,,,,,,,,,,,
311.8,129717.114362,406.399993896,16,1.0,32768.0,-18.7023375,2013-07-04T05:05:31,0.0,0.0,flood-flat-002bias.fit,R,,3325.0,----- END patch_headers history on 2013-10-25 09:38:38.320328 -----,BIAS,Apogee USB/Net,2456477.71216,+46:52:00.41,-96:27:11.80,17:29:13.07,56477.2121644,2,3085,2048,,,,True,1,3073,True,Monochrome,-27.2000007629,True,+46:52:00.41,-96:27:11.80,MaxIm DL Version 5.21 130912 01A17,MNState Physics-1,FEDER,1,0,9.0,1,0,9.0,,,,,,,,,,,,,,,,,,,,,,,,,,,,,,,,,,,,,,,,,,,,,,,
311.8,129717.114362,406.399993896,16,1.0,32768.0,-18.645759,2013-07-04T05:04:16,15.0,15.0,flood-flat-002R.fit,R,,3325.0,----- END patch_headers history on 2013-10-25 09:38:40.891866 -----,FLAT,Apogee USB/Net,2456477.7113,+46:52:00.41,-96:27:11.80,17:27:57.86,56477.2112963,2,3085,2048,,,,True,1,3073,True,Monochrome,-27.2000007629,True,+46:52:00.41,-96:27:11.80,MaxIm DL Version 5.21 130912 01A17,MNState Physics-1,FEDER,1,0,9.0,1,0,9.0,,,,,,,,,,,,,,,,,,,,,,,,,,,,,,,,,,,,,,,,,,,,,,,
311.8,129717.114362,406.399993896,16,1.0,32768.0,-18.71805375,2013-07-04T05:07:28,0.0,0.0,flood-flat-003bias.fit,R,,3325.0,----- END patch_headers history on 2013-10-25 09:38:44.395303 -----,BIAS,Apogee USB/Net,2456477.71352,+46:52:00.41,-96:27:11.80,17:31:10.39,56477.2135185,2,3085,2048,,,,True,1,3073,True,Monochrome,-27.2000007629,True,+46:52:00.41,-96:27:11.80,MaxIm DL Version 5.21 130912 01A17,MNState Physics-1,FEDER,1,0,9.0,1,0,9.0,,,,,,,,,,,,,,,,,,,,,,,,,,,,,,,,,,,,,,,,,,,,,,,
311.8,129717.114362,406.399993896,16,1.0,32768.0,-18.7023375,2013-07-04T05:06:14,15.0,15.0,flood-flat-003R.fit,R,,3325.0,----- END patch_headers history on 2013-10-25 09:38:46.363426 -----,FLAT,Apogee USB/Net,2456477.71266,+46:52:00.41,-96:27:11.80,17:29:56.19,56477.212662,2,3085,2048,,,,True,1,3073,True,Monochrome,-27.2000007629,True,+46:52:00.41,-96:27:11.80,MaxIm DL Version 5.21 130912 01A17,MNState Physics-1,FEDER,1,0,9.0,1,0,9.0,,,,,,,,,,,,,,,,,,,,,,,,,,,,,,,,,,,,,,,,,,,,,,,
311.8,129717.114362,406.399993896,16,1.0,32768.0,-18.73691325,2013-07-04T05:09:26,0.0,0.0,flood-flat-004bias.fit,R,,3325.0,----- END patch_headers history on 2013-10-25 09:38:49.534787 -----,BIAS,Apogee USB/Net,2456477.71488,+46:52:00.41,-96:27:11.80,17:33:08.71,56477.2148843,2,3085,2048,,,,True,1,3073,True,Monochrome,-27.2000007629,True,+46:52:00.41,-96:27:11.80,MaxIm DL Version 5.21 130912 01A17,MNState Physics-1,FEDER,1,0,9.0,1,0,9.0,,,,,,,,,,,,,,,,,,,,,,,,,,,,,,,,,,,,,,,,,,,,,,,
311.8,129717.114362,406.399993896,16,1.0,32768.0,-18.73062675,2013-07-04T05:08:11,15.0,15.0,flood-flat-004R.fit,R,,3325.0,----- END patch_headers history on 2013-10-25 09:38:51.774313 -----,FLAT,Apogee USB/Net,2456477.71402,+46:52:00.41,-96:27:11.80,17:31:53.51,56477.2140162,2,3085,2048,,,,True,1,3073,True,Monochrome,-27.2000007629,True,+46:52:00.41,-96:27:11.80,MaxIm DL Version 5.21 130912 01A17,MNState Physics-1,FEDER,1,0,9.0,1,0,9.0,,,,,,,,,,,,,,,,,,,,,,,,,,,,,,,,,,,,,,,,,,,,,,,
311.8,129717.114362,406.399993896,16,1.0,32768.0,-18.7652025,2013-07-04T05:11:21,0.0,0.0,flood-flat-005bias.fit,R,,3325.0,----- END patch_headers history on 2013-10-25 09:38:54.965323 -----,BIAS,Apogee USB/Net,2456477.71622,+46:52:00.41,-96:27:11.80,17:35:04.03,56477.2162153,2,3085,2048,,,,True,1,3073,True,Monochrome,-27.2000007629,True,+46:52:00.41,-96:27:11.80,MaxIm DL Version 5.21 130912 01A17,MNState Physics-1,FEDER,1,0,9.0,1,0,9.0,,,,,,,,,,,,,,,,,,,,,,,,,,,,,,,,,,,,,,,,,,,,,,,
311.8,129717.114362,406.399993896,16,1.0,32768.0,-18.7023375,2013-07-04T05:10:07,15.0,15.0,flood-flat-005R.fit,R,,3325.0,----- END patch_headers history on 2013-10-25 09:38:56.846884 -----,FLAT,Apogee USB/Net,2456477.71536,+46:52:00.41,-96:27:11.80,17:33:49.83,56477.2153588,2,3085,2048,,,,True,1,3073,True,Monochrome,-27.2000007629,True,+46:52:00.41,-96:27:11.80,MaxIm DL Version 5.21 130912 01A17,MNState Physics-1,FEDER,1,0,9.0,1,0,9.0,,,,,,,,,,,,,,,,,,,,,,,,,,,,,,,,,,,,,,,,,,,,,,,
311.8,129717.114362,406.399993896,16,1.0,32768.0,-18.771489,2013-07-04T05:13:19,0.0,0.0,flood-flat-006bias.fit,R,,3325.0,----- END patch_headers history on 2013-10-25 09:38:59.773661 -----,BIAS,Apogee USB/Net,2456477.71758,+46:52:00.41,-96:27:11.80,17:37:02.35,56477.217581,2,3085,2048,,,,True,1,3073,True,Monochrome,-27.2000007629,True,+46:52:00.41,-96:27:11.80,MaxIm DL Version 5.21 130912 01A17,MNState Physics-1,FEDER,1,0,9.0,1,0,9.0,,,,,,,,,,,,,,,,,,,,,,,,,,,,,,,,,,,,,,,,,,,,,,,
311.8,129717.114362,406.399993896,16,1.0,32768.0,-18.78091875,2013-07-04T05:12:04,15.0,15.0,flood-flat-006R.fit,R,,3325.0,----- END patch_headers history on 2013-10-25 09:39:02.135966 -----,FLAT,Apogee USB/Net,2456477.71671,+46:52:00.41,-96:27:11.80,17:35:47.15,56477.216713,2,3085,2048,,,,True,1,3073,True,Monochrome,-27.2000007629,True,+46:52:00.41,-96:27:11.80,MaxIm DL Version 5.21 130912 01A17,MNState Physics-1,FEDER,1,0,9.0,1,0,9.0,,,,,,,,,,,,,,,,,,,,,,,,,,,,,,,,,,,,,,,,,,,,,,,
311.8,129717.114362,406.399993896,16,1.0,32768.0,-18.78720525,2013-07-04T05:15:16,0.0,0.0,flood-flat-007bias.fit,R,,3325.0,----- END patch_headers history on 2013-10-25 09:39:05.254878 -----,BIAS,Apogee USB/Net,2456477.71894,+46:52:00.41,-96:27:11.80,17:38:59.67,56477.2189352,2,3085,2048,,,,True,1,3073,True,Monochrome,-27.2000007629,True,+46:52:00.41,-96:27:11.80,MaxIm DL Version 5.21 130912 01A17,MNState Physics-1,FEDER,1,0,9.0,1,0,9.0,,,,,,,,,,,,,,,,,,,,,,,,,,,,,,,,,,,,,,,,,,,,,,,
311.8,129717.114362,406.399993896,16,1.0,32768.0,-18.7777755,2013-07-04T05:14:01,15.0,15.0,flood-flat-007R.fit,R,,3325.0,----- END patch_headers history on 2013-10-25 09:39:07.771778 -----,FLAT,Apogee USB/Net,2456477.71807,+46:52:00.41,-96:27:11.80,17:37:44.47,56477.2180671,2,3085,2048,,,,True,1,3073,True,Monochrome,-27.2000007629,True,+46:52:00.41,-96:27:11.80,MaxIm DL Version 5.21 130912 01A17,MNState Physics-1,FEDER,1,0,9.0,1,0,9.0,,,,,,,,,,,,,,,,,,,,,,,,,,,,,,,,,,,,,,,,,,,,,,,
311.8,129717.114362,406.399993896,16,1.0,32768.0,-18.8154945,2013-07-04T05:17:14,0.0,0.0,flood-flat-008bias.fit,R,,3325.0,----- END patch_headers history on 2013-10-25 09:39:11.324326 -----,BIAS,Apogee USB/Net,2456477.7203,+46:52:00.41,-96:27:11.80,17:40:57.99,56477.2203009,2,3085,2048,,,,True,1,3073,True,Monochrome,-27.2000007629,True,+46:52:00.41,-96:27:11.80,MaxIm DL Version 5.21 130912 01A17,MNState Physics-1,FEDER,1,0,9.0,1,0,9.0,,,,,,,,,,,,,,,,,,,,,,,,,,,,,,,,,,,,,,,,,,,,,,,
311.8,129717.114362,406.399993896,16,1.0,32768.0,-18.78720525,2013-07-04T05:15:59,15.0,15.0,flood-flat-008R.fit,R,,3325.0,----- END patch_headers history on 2013-10-25 09:39:13.678919 -----,FLAT,Apogee USB/Net,2456477.71943,+46:52:00.41,-96:27:11.80,17:39:42.79,56477.2194329,2,3085,2048,,,,True,1,3073,True,Monochrome,-27.2000007629,True,+46:52:00.41,-96:27:11.80,MaxIm DL Version 5.21 130912 01A17,MNState Physics-1,FEDER,1,0,9.0,1,0,9.0,,,,,,,,,,,,,,,,,,,,,,,,,,,,,,,,,,,,,,,,,,,,,,,
311.8,129717.114362,406.399993896,16,1.0,32768.0,-18.7903485,2013-07-04T05:19:12,0.0,0.0,flood-flat-009bias.fit,R,,3325.0,----- END patch_headers history on 2013-10-25 09:39:16.791145 -----,BIAS,Apogee USB/Net,2456477.72167,+46:52:00.41,-96:27:11.80,17:42:56.32,56477.2216667,2,3085,2048,,,,True,1,3073,True,Monochrome,-27.2000007629,True,+46:52:00.41,-96:27:11.80,MaxIm DL Version 5.21 130912 01A17,MNState Physics-1,FEDER,1,0,9.0,1,0,9.0,,,,,,,,,,,,,,,,,,,,,,,,,,,,,,,,,,,,,,,,,,,,,,,
311.8,129717.114362,406.399993896,16,1.0,32768.0,-18.79977825,2013-07-04T05:17:57,15.0,15.0,flood-flat-009R.fit,R,,3325.0,----- END patch_headers history on 2013-10-25 09:39:18.721559 -----,FLAT,Apogee USB/Net,2456477.7208,+46:52:00.41,-96:27:11.80,17:41:41.11,56477.2207986,2,3085,2048,,,,True,1,3073,True,Monochrome,-27.2000007629,True,+46:52:00.41,-96:27:11.80,MaxIm DL Version 5.21 130912 01A17,MNState Physics-1,FEDER,1,0,9.0,1,0,9.0,,,,,,,,,,,,,,,,,,,,,,,,,,,,,,,,,,,,,,,,,,,,,,,
311.8,129717.114362,406.399993896,16,1.0,32768.0,-18.771489,2013-07-04T05:21:09,0.0,0.0,flood-flat-010bias.fit,R,,3325.0,----- END patch_headers history on 2013-10-25 09:39:22.047588 -----,BIAS,Apogee USB/Net,2456477.72302,+46:52:00.41,-96:27:11.80,17:44:53.64,56477.2230208,2,3085,2048,,,,True,1,3073,True,Monochrome,-27.2000007629,True,+46:52:00.41,-96:27:11.80,MaxIm DL Version 5.21 130912 01A17,MNState Physics-1,FEDER,1,0,9.0,1,0,9.0,,,,,,,,,,,,,,,,,,,,,,,,,,,,,,,,,,,,,,,,,,,,,,,
311.8,129717.114362,406.399993896,16,1.0,32768.0,-18.7777755,2013-07-04T05:19:54,15.0,15.0,flood-flat-010R.fit,R,,3325.0,----- END patch_headers history on 2013-10-25 09:39:24.296908 -----,FLAT,Apogee USB/Net,2456477.72215,+46:52:00.41,-96:27:11.80,17:43:38.43,56477.2221528,2,3085,2048,,,,True,1,3073,True,Monochrome,-27.2000007629,True,+46:52:00.41,-96:27:11.80,MaxIm DL Version 5.21 130912 01A17,MNState Physics-1,FEDER,1,0,9.0,1,0,9.0,,,,,,,,,,,,,,,,,,,,,,,,,,,,,,,,,,,,,,,,,,,,,,,
311.8,129717.114362,406.399993896,16,,32768.0,-18.76205925,2013-07-04T05:40:16,30.0,30.0,SA112-SF1-001R1.fit,R,,3325.0,"This WCS header was created by the program ""blind"".",LIGHT,Apogee USB/Net,2456477.7363,+46:52:00.41,-96:27:11.80,18:04:03.78,56477.2362963,2,3085,2048,,+00:08:11,20:42:25,True,1,3073,True,Monochrome,-27.2000007629,True,+46:52:00.41,-96:27:11.80,MaxIm DL Version 5.21 130912 01A17,MNState Physics-1,FEDER,1,0,9.0,1,0,9.0,-1.90096751668e-07,3.33756744474e-07,-2.51766851233e-07,2,1.892,31.91235,-2.24753552616e-07,1.90097110714e-07,2.50690283366e-07,-3.33756687758e-07,2.51766617332e-07,2,131.34599,1.34836480095e-07,2.21578859722e-07,-1.02353347029e-08,2,-1.76713782412e-08,-1.34836510621e-07,6.69713950541e-08,-2.21579168349e-07,1.02353631609e-08,2,0.000154793515962,8.98061449018e-06,-9.08270932008e-06,0.000154821376155,,1543.5,1025,310.611234299,0.139163448679,RA---TAN-SIP,DEC--TAN-SIP,deg,deg,2013-10-25T09:54:11,+00:08:11,2000.0,-2:38:21.22170,2048,3085,0.0,180.0,20:42:25,1.892,2
311.8,129717.114362,406.399993896,16,,32768.0,-18.8029215,2013-07-04T05:45:33,30.0,30.0,SA112-SF1-001R2.fit,R,,3325.0,"This WCS header was created by the program ""blind"".",LIGHT,Apogee USB/Net,2456477.73997,+46:52:00.41,-96:27:11.80,18:09:21.65,56477.2399653,2,3085,2048,,+00:08:13,20:42:25,True,1,3073,True,Monochrome,-27.2000007629,True,+46:52:00.41,-96:27:11.80,MaxIm DL Version 5.21 130912 01A17,MNState Physics-1,FEDER,1,0,9.0,1,0,9.0,-3.33902227858e-07,4.02366972412e-07,-2.66134947459e-07,2,1.857,32.58555,-3.2782395687e-07,3.33902868331e-07,2.94694403378e-07,-4.02366891851e-07,2.6613464352e-07,2,132.69466,1.28594282093e-07,2.72757233758e-07,1.09847561632e-09,2,-3.64298399941e-08,-1.28594161998e-07,7.96120824666e-08,-2.72757686007e-07,-1.09845999911e-09,2,0.000154775366414,8.98177138352e-06,-9.08824034603e-06,0.000154828640858,,1543.5,1025,310.610599172,0.138490820371,RA---TAN-SIP,DEC--TAN-SIP,deg,deg,2013-10-25T09:55:04,+00:08:13,2000.0,-2:33:03.35376,2048,3085,0.0,180.0,20:42:25,1.857,2
311.8,129717.114362,406.399993896,16,,32768.0,-18.80606475,2013-07-04T05:48:08,30.0,30.0,SA112-SF1-002R1.fit,R,,3325.0,"This WCS header was created by the program ""blind"".",LIGHT,Apogee USB/Net,2456477.74176,+46:52:00.41,-96:27:11.80,18:11:57.07,56477.2417593,2,3085,2048,,+00:08:11,20:42:25,True,1,3073,True,Monochrome,-27.2000007629,True,+46:52:00.41,-96:27:11.80,MaxIm DL Version 5.21 130912 01A17,MNState Physics-1,FEDER,1,0,9.0,1,0,9.0,-1.83347254771e-07,4.33855885996e-07,-3.09827189297e-07,2,1.841,32.90874,-3.5132096249e-07,1.833475764e-07,4.29820442417e-07,-4.3385559106e-07,3.09826824441e-07,2,133.3619,2.34677346673e-08,1.9608917227e-07,7.19443836837e-08,2,1.34761710215e-08,-2.34676877596e-08,-1.93465761744e-08,-1.96089442139e-07,-7.19443231385e-08,2,0.000154785815105,8.98912560738e-06,-9.08966123981e-06,0.000154835556008,,1543.5,1025,310.610536891,0.138411124543,RA---TAN-SIP,DEC--TAN-SIP,deg,deg,2013-10-25T10:00:03,+00:08:11,2000.0,-2:30:27.92937,2048,3085,0.0,180.0,20:42:25,1.841,2
311.8,129717.114362,406.399993896,16,,32768.0,-18.7400565,2013-07-04T05:53:15,30.0,30.0,SA112-SF1-002R2.fit,R,,3325.0,"This WCS header was created by the program ""blind"".",LIGHT,Apogee USB/Net,2456477.74531,+46:52:00.41,-96:27:11.80,18:17:04.91,56477.2453125,2,3085,2048,,+00:08:12,20:42:25,True,1,3073,True,Monochrome,-27.2000007629,True,+46:52:00.41,-96:27:11.80,MaxIm DL Version 5.21 130912 01A17,MNState Physics-1,FEDER,1,0,9.0,1,0,9.0,-1.77581315797e-07,3.19863295063e-07,-2.36529355478e-07,2,1.81,33.5395,-1.2593431542e-07,1.775815862e-07,1.81727519528e-07,-3.19863209298e-07,2.36529129746e-07,2,134.69702,1.04035572703e-08,3.71455927473e-07,-2.12069972261e-08,2,-1.35364333596e-08,-1.04033734193e-08,5.4821801827e-08,-3.71456332982e-07,2.12069830049e-08,2,0.000154781690865,8.99877280483e-06,-9.09031681129e-06,0.000154825938841,,1543.5,1025,310.611201357,0.137744017883,RA---TAN-SIP,DEC--TAN-SIP,deg,deg,2013-10-25T10:00:51,+00:08:12,2000.0,-2:25:20.08883,2048,3085,0.0,180.0,20:42:25,1.81,2
311.8,129717.114362,406.399993896,16,,32768.0,-18.746343,2013-07-04T05:55:43,30.0,30.0,SA112-SF1-003R1.fit,R,,3325.0,"This WCS header was created by the program ""blind"".",LIGHT,Apogee USB/Net,2456477.74703,+46:52:00.41,-96:27:11.80,18:19:33.32,56477.2470255,2,3085,2048,,+00:08:13,20:42:25,True,1,3073,True,Monochrome,-27.2000007629,True,+46:52:00.41,-96:27:11.80,MaxIm DL Version 5.21 130912 01A17,MNState Physics-1,FEDER,1,0,9.0,1,0,9.0,-1.56013873741e-07,3.11383996534e-07,-2.89031222116e-07,2,1.796,33.83857,-1.65982244939e-07,1.5601418053e-07,2.81022816438e-07,-3.11383811249e-07,2.8903088515e-07,2,135.34748,-1.72108361997e-08,3.45787017514e-07,-2.47397630119e-09,2,-2.04255143477e-08,1.72109799273e-08,3.47229252701e-08,-3.4578729513e-07,2.47397240282e-09,2,0.000154803125669,8.99114336245e-06,-9.10577818207e-06,0.000154856160419,,1543.5,1025,310.611314877,0.137474144187,RA---TAN-SIP,DEC--TAN-SIP,deg,deg,2013-10-25T10:06:49,+00:08:13,2000.0,-2:22:51.68362,2048,3085,0.0,180.0,20:42:25,1.796,2
311.8,129717.114362,406.399993896,16,,32768.0,-18.8532135,2013-07-04T06:00:51,30.0,30.0,SA112-SF1-003R2.fit,R,,3325.0,"This WCS header was created by the program ""blind"".",LIGHT,Apogee USB/Net,2456477.75059,+46:52:00.41,-96:27:11.80,18:24:42.16,56477.2505903,2,3085,2048,,+00:08:12,20:42:25,True,1,3073,True,Monochrome,-27.2000007629,True,+46:52:00.41,-96:27:11.80,MaxIm DL Version 5.21 130912 01A17,MNState Physics-1,FEDER,1,0,9.0,1,0,9.0,-2.49213798933e-07,2.88020696932e-07,-2.833737362e-07,2,1.768,34.44914,-1.66623178063e-07,2.49214109374e-07,2.6366163985e-07,-2.88020512895e-07,2.83373417481e-07,2,136.7162,-3.90938472785e-08,2.7303675386e-07,-2.22630065432e-08,2,-5.54312230231e-08,3.90940053426e-08,3.15275912259e-08,-2.73036870021e-07,2.2262991429e-08,2,0.000154780245171,9.00115704267e-06,-9.086756248e-06,0.000154834545223,,1543.5,1025,310.611581658,0.136948794999,RA---TAN-SIP,DEC--TAN-SIP,deg,deg,2013-10-25T10:06:59,+00:08:12,2000.0,-2:17:42.84031,2048,3085,0.0,180.0,20:42:25,1.768,2
311.8,129717.114362,406.399993896,16,,32768.0,-18.809208,2013-07-04T06:03:19,30.0,30.0,SA112-SF1-004R1.fit,R,,3325.0,"This WCS header was created by the program ""blind"".",LIGHT,Apogee USB/Net,2456477.7523,+46:52:00.41,-96:27:11.80,18:27:10.56,56477.2523032,2,3085,2048,,+00:08:13,20:42:25,True,1,3073,True,Monochrome,-27.2000007629,True,+46:52:00.41,-96:27:11.80,MaxIm DL Version 5.21 130912 01A17,MNState Physics-1,FEDER,1,0,9.0,1,0,9.0,-2.27448904971e-07,3.6711660056e-07,-2.91153211755e-07,2,1.755,34.73745,-2.68393880587e-07,2.27449309561e-07,3.24552320498e-07,-3.67116433987e-07,2.91152888643e-07,2,137.38071,5.07180489278e-08,2.4243331107e-07,1.10566799644e-09,2,-4.28048791181e-08,-5.0717956906e-08,4.62751837975e-08,-2.42433561047e-07,-1.10565150335e-09,2,0.000154792220793,8.99831325968e-06,-9.0891908256e-06,0.000154839104874,,1543.5,1025,310.611919903,0.136560247305,RA---TAN-SIP,DEC--TAN-SIP,deg,deg,2013-10-25T10:08:31,+00:08:13,2000.0,-2:15:14.43509,2048,3085,0.0,180.0,20:42:25,1.755,2
311.8,129717.114362,406.399993896,16,,32768.0,-18.8406405,2013-07-04T06:08:17,30.0,30.0,SA112-SF1-004R2.fit,R,,3325.0,"This WCS header was created by the program ""blind"".",LIGHT,Apogee USB/Net,2456477.75575,+46:52:00.41,-96:27:11.80,18:32:09.38,56477.2557523,2,3085,2048,,+00:08:12,20:42:25,True,1,3073,True,Monochrome,-27.2000007629,True,+46:52:00.41,-96:27:11.80,MaxIm DL Version 5.21 130912 01A17,MNState Physics-1,FEDER,1,0,9.0,1,0,9.0,-6.3891188249e-07,8.55282343673e-07,-4.5310692367e-07,2,1.73,35.30618,3.42429819453e-09,6.38911056738e-07,3.52295923443e-07,-8.55281079135e-07,4.53106417999e-07,2,138.7332,-8.29943077528e-07,7.00876434485e-07,-1.25214713114e-07,2,7.6624237103e-07,8.29940569574e-07,-3.2907332886e-07,-7.00874984547e-07,1.25215071032e-07,2,0.000154752180799,9.06705289306e-06,-9.13149343832e-06,0.000154916676759,,1543.5,1025,310.611547432,0.136132006298,RA---TAN-SIP,DEC--TAN-SIP,deg,deg,2013-10-25T10:08:37,+00:08:12,2000.0,-2:10:15.61919,2048,3085,0.0,180.0,20:42:25,1.73,2
311.8,129717.114362,406.399993896,16,,32768.0,-18.809208,2013-07-04T06:10:41,30.0,30.0,SA112-SF1-005R1.fit,R,,3325.0,"This WCS header was created by the program ""blind"".",LIGHT,Apogee USB/Net,2456477.75742,+46:52:00.41,-96:27:11.80,18:34:33.78,56477.257419,2,3085,2048,,+00:08:13,20:42:25,True,1,3073,True,Monochrome,-27.2000007629,True,+46:52:00.41,-96:27:11.80,MaxIm DL Version 5.21 130912 01A17,MNState Physics-1,FEDER,1,0,9.0,1,0,9.0,-9.91744609968e-07,8.73426099179e-07,-4.35317548674e-07,2,1.719,35.57595,2.18659802944e-07,9.91743205664e-07,1.71238663523e-07,-8.73424403332e-07,4.35317095423e-07,2,139.39327,-7.03375377406e-07,8.19636426758e-07,-1.32958257786e-07,2,3.4731467454e-07,7.03374648688e-07,-2.69859911935e-07,-8.19635791246e-07,1.32958439165e-07,2,0.000154745066129,9.10236204293e-06,-9.13400303776e-06,0.000154910050742,,1543.5,1025,310.611488811,0.135849807847,RA---TAN-SIP,DEC--TAN-SIP,deg,deg,2013-10-25T10:09:20,+00:08:13,2000.0,-2:07:51.22494,2048,3085,0.0,180.0,20:42:25,1.719,2
311.8,129717.114362,406.399993896,16,,32768.0,-18.7274835,2013-07-04T06:15:42,30.0,30.0,SA112-SF1-005R2.fit,R,,3325.0,"This WCS header was created by the program ""blind"".",LIGHT,Apogee USB/Net,2456477.7609,+46:52:00.41,-96:27:11.80,18:39:35.60,56477.2609028,2,3085,2048,,+00:08:11,20:42:25,True,1,3073,True,Monochrome,-27.2000007629,True,+46:52:00.41,-96:27:11.80,MaxIm DL Version 5.21 130912 01A17,MNState Physics-1,FEDER,1,0,9.0,1,0,9.0,-8.06381625563e-08,4.05679954098e-07,-3.33327552074e-07,2,1.696,36.12709,5.20303530728e-07,8.06369267577e-08,-1.79966898265e-07,-4.0567806922e-07,3.33327651073e-07,2,140.78792,-2.68406451177e-06,1.67196844178e-06,-1.4974792784e-07,2,1.20608941915e-05,2.6840136806e-06,-4.99700582924e-06,-1.6719403405e-06,1.49757995149e-07,2,0.000154779833704,9.03361802622e-06,-9.22677568678e-06,0.000155151703233,,1543.5,1025,310.611334851,0.135291826835,RA---TAN-SIP,DEC--TAN-SIP,deg,deg,2013-10-25T10:09:26,+00:08:11,2000.0,-2:02:49.40080,2048,3085,0.0,180.0,20:42:25,1.696,2
311.8,129717.114362,406.399993896,16,,32768.0,-18.796635,2013-07-04T06:18:07,30.0,30.0,SA112-SF1-006R1.fit,R,,3325.0,"This WCS header was created by the program ""blind"".",LIGHT,Apogee USB/Net,2456477.76258,+46:52:00.41,-96:27:11.80,18:42:01.00,56477.262581,2,3085,2048,,+00:08:12,20:42:25,True,1,3073,True,Monochrome,-27.2000007629,True,+46:52:00.41,-96:27:11.80,MaxIm DL Version 5.21 130912 01A17,MNState Physics-1,FEDER,1,0,9.0,1,0,9.0,-2.92046317387e-07,5.65612261626e-07,-4.37136019051e-07,2,1.686,36.38729,8.35827500934e-07,2.920429171e-07,-6.46277724559e-08,-5.65609235688e-07,4.37136097681e-07,2,141.46639,-2.27564242847e-06,1.31057978057e-06,-1.10212837252e-07,2,7.98801175102e-06,2.2756101569e-06,-3.11514628376e-06,-1.31056300191e-06,1.10218810434e-07,2,0.000154763758588,9.05794082981e-06,-9.18729628915e-06,0.000155048060439,,1543.5,1025,310.611229205,0.135043874823,RA---TAN-SIP,DEC--TAN-SIP,deg,deg,2013-10-25T10:10:32,+00:08:12,2000.0,-2:00:24.00378,2048,3085,0.0,180.0,20:42:25,1.686,2
311.8,129717.114362,406.399993896,16,,32768.0,-18.80606475,2013-07-04T06:23:08,30.0,30.0,SA112-SF1-006R2.fit,R,,3325.0,"This WCS header was created by the program ""blind"".",LIGHT,Apogee USB/Net,2456477.76606,+46:52:00.41,-96:27:11.80,18:47:02.82,56477.2660648,2,3085,2048,,+00:08:11,20:42:26,True,1,3073,True,Monochrome,-27.2000007629,True,+46:52:00.41,-96:27:11.80,MaxIm DL Version 5.21 130912 01A17,MNState Physics-1,FEDER,1,0,9.0,1,0,9.0,-3.60058058777e-07,5.44695219768e-07,-4.30218744646e-07,2,1.665,36.91258,4.31755061468e-07,3.60056319476e-07,1.81137291753e-07,-5.44693443738e-07,4.30218319321e-07,2,142.88491,-1.29285414202e-06,1.05902636035e-06,-7.40766468941e-08,2,2.64735238229e-06,1.29284507089e-06,-1.3216284739e-06,-1.05902085702e-06,7.40779145124e-08,2,0.000154762771667,9.04614846231e-06,-9.16299017045e-06,0.000154969753157,,1543.5,1025,310.611865956,0.134343702306,RA---TAN-SIP,DEC--TAN-SIP,deg,deg,2013-10-25T10:10:38,+00:08:11,2000.0,-1:55:23.17967,2048,3085,0.0,180.0,20:42:26,1.665,2
311.8,129717.114362,406.399993896,16,,32768.0,-18.79977825,2013-07-04T06:25:27,30.0,30.0,SA112-SF1-007R1.fit,R,,3325.0,"This WCS header was created by the program ""blind"".",LIGHT,Apogee USB/Net,2456477.76767,+46:52:00.41,-96:27:11.80,18:49:22.20,56477.2676736,2,3085,2048,,+00:08:12,20:42:25,True,1,3073,True,Monochrome,-27.2000007629,True,+46:52:00.41,-96:27:11.80,MaxIm DL Version 5.21 130912 01A17,MNState Physics-1,FEDER,1,0,9.0,1,0,9.0,-2.88898036022e-07,6.0184687636e-07,-3.50326932112e-07,2,1.656,37.15228,3.76069667807e-07,2.88896995397e-07,-7.34330004264e-10,-6.01845891178e-07,3.50326768686e-07,2,143.55327,-1.06007820836e-06,1.09445889499e-06,-1.21114708934e-07,2,2.08151478181e-06,1.06007212424e-06,-1.10088215852e-06,-1.09445534165e-06,1.21115676196e-07,2,0.000154772795903,9.07860414846e-06,-9.15041607666e-06,0.000154945704402,,1543.5,1025,310.611352576,0.134340426593,RA---TAN-SIP,DEC--TAN-SIP,deg,deg,2013-10-25T10:11:16,+00:08:12,2000.0,-1:53:02.79909,2048,3085,0.0,180.0,20:42:25,1.656,2
311.8,129717.114362,406.399993896,16,,32768.0,-18.8154945,2013-07-04T06:30:25,30.0,30.0,SA112-SF1-007R2.fit,R,,3325.0,"This WCS header was created by the program ""blind"".",LIGHT,Apogee USB/Net,2456477.77112,+46:52:00.41,-96:27:11.80,18:54:21.02,56477.2711227,2,3085,2048,,+00:08:11,20:42:25,True,1,3073,True,Monochrome,-27.2000007629,True,+46:52:00.41,-96:27:11.80,MaxIm DL Version 5.21 130912 01A17,MNState Physics-1,FEDER,1,0,9.0,1,0,9.0,-2.57155363256e-07,6.24511469355e-07,-3.98568645965e-07,2,1.637,37.64911,4.22468640693e-08,2.57155185284e-07,3.25795368738e-07,-6.24510691113e-07,3.98568050533e-07,2,144.99039,-8.0311663167e-07,9.45260582608e-07,-1.21892727287e-08,2,1.14483810933e-06,8.03113841027e-07,-6.30770364285e-07,-9.45258863717e-07,1.2189537626e-08,2,0.000154768783349,9.06287170139e-06,-9.14628708199e-06,0.000154921512748,,1543.5,1025,310.610931284,0.133904546466,RA---TAN-SIP,DEC--TAN-SIP,deg,deg,2013-10-25T10:11:21,+00:08:11,2000.0,-1:48:03.98319,2048,3085,0.0,180.0,20:42:25,1.637,2
311.8,129717.114362,406.399993896,16,,32768.0,-18.74319975,2013-07-04T06:32:43,30.0,30.0,SA112-SF1-008R1.fit,R,,3325.0,"This WCS header was created by the program ""blind"".",LIGHT,Apogee USB/Net,2456477.77272,+46:52:00.41,-96:27:11.80,18:56:39.39,56477.2727199,2,3085,2048,,+00:08:12,20:42:25,True,1,3073,True,Monochrome,-27.2000007629,True,+46:52:00.41,-96:27:11.80,MaxIm DL Version 5.21 130912 01A17,MNState Physics-1,FEDER,1,0,9.0,1,0,9.0,-2.50671728807e-07,4.97415341054e-07,-3.33537081272e-07,2,1.629,37.87363,2.75982566714e-07,2.5067109006e-07,6.56909249574e-08,-4.9741459619e-07,3.33536782289e-07,2,145.66214,-8.50599265102e-07,1.08569574482e-06,-8.81444217681e-08,2,1.53407683406e-06,8.50595600099e-07,-8.73066500912e-07,-1.08569352633e-06,8.81448713922e-08,2,0.000154763383485,9.05200512871e-06,-9.15261984683e-06,0.000154949984115,,1543.5,1025,310.610867011,0.133660011893,RA---TAN-SIP,DEC--TAN-SIP,deg,deg,2013-10-25T10:12:13,+00:08:12,2000.0,-1:45:45.60533,2048,3085,0.0,180.0,20:42:25,1.629,2
311.8,129717.114362,406.399993896,16,,32768.0,-18.784062,2013-07-04T06:37:50,30.0,30.0,SA112-SF1-008R2.fit,R,,3325.0,"This WCS header was created by the program ""blind"".",LIGHT,Apogee USB/Net,2456477.77627,+46:52:00.41,-96:27:11.80,19:01:47.24,56477.2762731,2,3085,2048,,+00:08:14,20:42:25,True,1,3073,True,Monochrome,-27.2000007629,True,+46:52:00.41,-96:27:11.80,MaxIm DL Version 5.21 130912 01A17,MNState Physics-1,FEDER,1,0,9.0,1,0,9.0,-1.88018688088e-07,4.0594863456e-07,-3.07054012679e-07,2,1.611,38.35924,3.08616991547e-07,1.88018080655e-07,1.50912209374e-08,-4.05948056887e-07,3.07053777651e-07,2,147.17114,-8.68945703575e-07,1.21849125513e-06,-1.19562133102e-07,2,1.89565371693e-06,8.68941273642e-07,-1.09529137459e-06,-1.21848876897e-06,1.19562694605e-07,2,0.000154786609986,9.05096637744e-06,-9.17424579009e-06,0.000154968093566,,1543.5,1025,310.611244368,0.133117633452,RA---TAN-SIP,DEC--TAN-SIP,deg,deg,2013-10-25T10:12:19,+00:08:14,2000.0,-1:40:37.76480,2048,3085,0.0,180.0,20:42:25,1.611,2
311.8,129717.114362,406.399993896,16,,32768.0,-18.796635,2013-07-04T06:40:09,30.0,30.0,SA112-SF1-009R1.fit,R,,3325.0,"This WCS header was created by the program ""blind"".",LIGHT,Apogee USB/Net,2456477.77788,+46:52:00.41,-96:27:11.80,19:04:06.62,56477.2778819,2,3085,2048,,+00:08:12,20:42:25,True,1,3073,True,Monochrome,-27.2000007629,True,+46:52:00.41,-96:27:11.80,MaxIm DL Version 5.21 130912 01A17,MNState Physics-1,FEDER,1,0,9.0,1,0,9.0,-5.34733697939e-07,7.76950147198e-07,-3.23973047425e-07,2,1.604,38.57196,2.12187506328e-07,5.34733134107e-07,2.78770294388e-08,-7.76949422995e-07,3.23972819494e-07,2,147.8613,-6.23466592394e-07,9.26449182277e-07,-8.09225312497e-08,2,6.41532259498e-07,6.23465771863e-07,-3.80501210934e-07,-9.26448921545e-07,8.09227587667e-08,2,0.000154747493046,9.08892822252e-06,-9.14593452669e-06,0.000154932117881,,1543.5,1025,310.611183439,0.132922285433,RA---TAN-SIP,DEC--TAN-SIP,deg,deg,2013-10-25T10:13:51,+00:08:12,2000.0,-1:38:18.38421,2048,3085,0.0,180.0,20:42:25,1.604,2
311.8,129717.114362,406.399993896,16,,32768.0,-18.8029215,2013-07-04T06:45:02,30.0,30.0,SA112-SF1-009R2.fit,R,,3325.0,"This WCS header was created by the program ""blind"".",LIGHT,Apogee USB/Net,2456477.78127,+46:52:00.41,-96:27:11.80,19:09:00.42,56477.2812731,2,3085,2048,,+00:08:14,20:42:25,True,1,3073,True,Monochrome,-27.2000007629,True,+46:52:00.41,-96:27:11.80,MaxIm DL Version 5.21 130912 01A17,MNState Physics-1,FEDER,1,0,9.0,1,0,9.0,-2.69704174173e-07,5.97597169522e-07,-3.35097698267e-07,2,1.589,39.00862,2.66205018882e-07,2.69703805887e-07,4.99218090413e-08,-5.97596858243e-07,3.35097432307e-07,2,149.32859,-6.38004755684e-07,1.17526178932e-06,-1.25126608844e-07,2,1.17953210699e-06,6.38002984923e-07,-6.49133220739e-07,-1.17526160166e-06,1.25126979458e-07,2,0.000154751074764,9.08847356783e-06,-9.16471532549e-06,0.000154957335989,,1543.5,1025,310.61107765,0.132613445217,RA---TAN-SIP,DEC--TAN-SIP,deg,deg,2013-10-25T10:13:56,+00:08:14,2000.0,-1:33:24.58201,2048,3085,0.0,180.0,20:42:25,1.589,2
311.8,129717.114362,406.399993896,16,,32768.0,-18.7777755,2013-07-04T06:47:20,30.0,30.0,SA112-SF1-010R1.fit,R,,3325.0,"This WCS header was created by the program ""blind"".",LIGHT,Apogee USB/Net,2456477.78287,+46:52:00.41,-96:27:11.80,19:11:18.80,56477.2828704,2,3085,2048,,+00:08:12,20:42:25,True,1,3073,True,Monochrome,-27.2000007629,True,+46:52:00.41,-96:27:11.80,MaxIm DL Version 5.21 130912 01A17,MNState Physics-1,FEDER,1,0,9.0,1,0,9.0,-1.56580310392e-07,4.51436252806e-07,-2.74309752817e-07,2,1.582,39.20712,2.75270665426e-07,1.56580012139e-07,-2.7023691989e-08,-4.51436144377e-07,2.74309638427e-07,2,150.02622,-6.51510106148e-07,1.19201730263e-06,-1.67491639731e-07,2,1.42898570136e-06,6.5150765697e-07,-8.14044088851e-07,-1.1920166083e-06,1.67492119949e-07,2,0.000154762059186,9.06808489474e-06,-9.16005831311e-06,0.000154961781059,,1543.5,1025,310.611244864,0.132412412201,RA---TAN-SIP,DEC--TAN-SIP,deg,deg,2013-10-25T10:15:43,+00:08:12,2000.0,-1:31:06.20416,2048,3085,0.0,180.0,20:42:25,1.582,2
311.8,129717.114362,406.399993896,16,,32768.0,-18.82492425,2013-07-04T06:52:24,30.0,30.0,SA112-SF1-010R2.fit,R,,3325.0,"This WCS header was created by the program ""blind"".",LIGHT,Apogee USB/Net,2456477.78639,+46:52:00.41,-96:27:11.80,19:16:23.63,56477.2863889,2,3085,2048,,+00:08:14,20:42:25,True,1,3073,True,Monochrome,-27.2000007629,True,+46:52:00.41,-96:27:11.80,MaxIm DL Version 5.21 130912 01A17,MNState Physics-1,FEDER,1,0,9.0,1,0,9.0,-1.28140306564e-07,3.98067375218e-07,-2.99561163542e-07,2,1.568,39.63129,3.29216276267e-07,1.28139852594e-07,-5.38141395783e-08,-3.98067503914e-07,2.99561131418e-07,2,151.57599,-5.45066242075e-07,1.49505636797e-06,-3.1481459772e-07,2,1.86412431976e-06,5.45063151879e-07,-1.09069343136e-06,-1.49505744875e-06,3.14815761092e-07,2,0.000154770738328,9.06564090708e-06,-9.19023539669e-06,0.000155028701317,,1543.5,1025,310.612076907,0.132108900125,RA---TAN-SIP,DEC--TAN-SIP,deg,deg,2013-10-25T10:15:55,+00:08:14,2000.0,-1:26:01.37182,2048,3085,0.0,180.0,20:42:25,1.568,2
311.8,129717.114362,406.399993896,16,,32768.0,-18.721197,2013-07-04T06:58:50,30.0,30.0,SA112-SF1-011R1.fit,R,,3325.0,"This WCS header was created by the program ""blind"".",LIGHT,Apogee USB/Net,2456477.79086,+46:52:00.41,-96:27:11.80,19:22:50.69,56477.2908565,2,3085,2048,,+00:08:13,20:42:25,True,1,3073,True,Monochrome,-27.2000007629,True,+46:52:00.41,-96:27:11.80,MaxIm DL Version 5.21 130912 01A17,MNState Physics-1,FEDER,1,0,9.0,1,0,9.0,-1.49442722919e-07,5.81212968141e-07,-3.70105941755e-07,2,1.551,40.13892,2.90462661951e-07,1.49442588615e-07,-2.42759237444e-08,-5.81214168384e-07,3.70106121265e-07,2,153.57096,7.64909877269e-08,1.58893255046e-06,-5.06347981493e-07,2,9.25599380077e-07,-7.6490063573e-08,-1.17014203049e-07,-1.58893991218e-06,5.06349831835e-07,2,0.000154757092582,9.09903801587e-06,-9.18421907207e-06,0.000155055393136,,1543.5,1025,310.612621465,0.131582047081,RA---TAN-SIP,DEC--TAN-SIP,deg,deg,2013-10-25T10:18:13,+00:08:13,2000.0,-1:19:34.31497,2048,3085,0.0,180.0,20:42:25,1.551,2
311.8,129717.114362,406.399993896,16,,32768.0,-18.8029215,2013-07-04T07:03:46,30.0,30.0,SA112-SF1-011R2.fit,R,,3325.0,"This WCS header was created by the program ""blind"".",LIGHT,Apogee USB/Net,2456477.79428,+46:52:00.41,-96:27:11.80,19:27:47.50,56477.2942824,2,3085,2048,,+00:08:15,20:42:25,True,1,3073,True,Monochrome,-27.2000007629,True,+46:52:00.41,-96:27:11.80,MaxIm DL Version 5.21 130912 01A17,MNState Physics-1,FEDER,1,0,9.0,1,0,9.0,-2.51062130069e-07,4.66162908635e-07,-3.34080336044e-07,2,1.54,40.50553,2.37491375934e-07,2.51061614941e-07,8.48705441122e-08,-4.66162239755e-07,3.34080005322e-07,2,155.12017,-7.38172175217e-07,1.06488692389e-06,-9.96488330732e-08,2,1.25803102319e-06,7.3816958114e-07,-7.37164757507e-07,-1.06488542824e-06,9.96491344232e-08,2,0.000154763988534,9.08117482333e-06,-9.15881857019e-06,0.000154940560307,,1543.5,1025,310.612341584,0.131147887119,RA---TAN-SIP,DEC--TAN-SIP,deg,deg,2013-10-25T10:18:30,+00:08:15,2000.0,-1:14:37.50453,2048,3085,0.0,180.0,20:42:25,1.54,2
311.8,129717.114362,406.399993896,16,,32768.0,-18.796635,2013-07-04T07:06:08,30.0,30.0,SA112-SF1-012R1.fit,R,,3325.0,"This WCS header was created by the program ""blind"".",LIGHT,Apogee USB/Net,2456477.79593,+46:52:00.41,-96:27:11.80,19:30:09.88,56477.2959259,2,3085,2048,,+00:08:13,20:42:25,True,1,3073,True,Monochrome,-27.2000007629,True,+46:52:00.41,-96:27:11.80,MaxIm DL Version 5.21 130912 01A17,MNState Physics-1,FEDER,1,0,9.0,1,0,9.0,-2.53894888134e-07,5.87338973026e-07,-3.96155639669e-07,2,1.534,40.67324,1.06579634508e-07,2.53894677538e-07,2.73709375003e-07,-5.87338290134e-07,3.96155078367e-07,2,155.86957,-7.64103700552e-07,1.03780076933e-06,-4.92114160917e-08,2,1.18650488033e-06,7.64101098053e-07,-6.70177011928e-07,-1.03779933371e-06,4.92116806378e-08,2,0.000154755024098,9.10215215605e-06,-9.1468089663e-06,0.000154933127289,,1543.5,1025,310.612564291,0.131094134152,RA---TAN-SIP,DEC--TAN-SIP,deg,deg,2013-10-25T10:20:57,+00:08:13,2000.0,-1:12:15.11575,2048,3085,0.0,180.0,20:42:25,1.534,2
311.8,129717.114362,406.399993896,16,,32768.0,-18.7274835,2013-07-04T07:11:04,30.0,30.0,SA112-SF1-012R2.fit,R,,3325.0,"This WCS header was created by the program ""blind"".",LIGHT,Apogee USB/Net,2456477.79935,+46:52:00.41,-96:27:11.80,19:35:06.69,56477.2993519,2,3085,2048,,+00:08:15,20:42:26,True,1,3073,True,Monochrome,-27.2000007629,True,+46:52:00.41,-96:27:11.80,MaxIm DL Version 5.21 130912 01A17,MNState Physics-1,FEDER,1,0,9.0,1,0,9.0,1.49135661919e-07,1.09938435251e-07,-4.24045482701e-07,2,1.524,41.00773,-9.4744156923e-08,-1.49134985676e-07,5.38616645676e-07,-1.09938092672e-07,4.24044627869e-07,2,157.43765,-1.40216326579e-07,2.42077982527e-07,7.25141904456e-08,2,9.58097045572e-09,1.40216050697e-07,-8.69829462017e-08,-2.42077808769e-07,-7.25140505115e-08,2,0.000154787372952,9.04518927874e-06,-9.10174293064e-06,0.000154818523256,,1543.5,1025,310.613190794,0.130544930066,RA---TAN-SIP,DEC--TAN-SIP,deg,deg,2013-10-25T10:21:20,+00:08:15,2000.0,-1:07:19.30531,2048,3085,0.0,180.0,20:42:26,1.524,2
311.8,129717.114362,406.399993896,16,,32768.0,-18.7023375,2013-07-04T07:13:32,30.0,30.0,SA112-SF1-013R1.fit,R,,3325.0,"This WCS header was created by the program ""blind"".",LIGHT,Apogee USB/Net,2456477.80106,+46:52:00.41,-96:27:11.80,19:37:35.10,56477.3010648,2,3085,2048,,+00:08:16,20:42:26,True,1,3073,True,Monochrome,-27.2000007629,True,+46:52:00.41,-96:27:11.80,MaxIm DL Version 5.21 130912 01A17,MNState Physics-1,FEDER,1,0,9.0,1,0,9.0,-1.5242321057e-07,1.92775636303e-07,-2.52017304102e-07,2,1.519,41.1675,-8.57546066563e-08,1.52423357915e-07,2.03542891076e-07,-1.92775470419e-07,2.52017051119e-07,2,158.23021,-1.03662681671e-07,2.24664461474e-07,1.53605675553e-09,2,-1.35412964145e-08,1.03662721828e-07,-1.07517567665e-08,-2.24664415596e-07,-1.53605816726e-09,2,0.000154781702,9.06050963479e-06,-9.10164215261e-06,0.000154810692724,,1543.5,1025,310.613853611,0.130373381523,RA---TAN-SIP,DEC--TAN-SIP,deg,deg,2013-10-25T10:23:35,+00:08:16,2000.0,-1:04:50.90009,2048,3085,0.0,180.0,20:42:26,1.519,2
311.8,129717.114362,406.399993896,16,,32768.0,-18.7652025,2013-07-04T07:18:36,30.0,30.0,SA112-SF1-013R2.fit,R,,3325.0,"This WCS header was created by the program ""blind"".",LIGHT,Apogee USB/Net,2456477.80458,+46:52:00.41,-96:27:11.80,19:42:39.93,56477.3045833,2,3085,2048,,+00:08:15,20:42:26,True,1,3073,True,Monochrome,-27.2000007629,True,+46:52:00.41,-96:27:11.80,MaxIm DL Version 5.21 130912 01A17,MNState Physics-1,FEDER,1,0,9.0,1,0,9.0,-1.06630966282e-07,1.48001045378e-07,-1.40128676617e-07,2,1.51,41.47773,-7.61175459145e-08,1.06631142771e-07,7.94620434864e-08,-1.48001060175e-07,1.40128590227e-07,2,159.87026,2.34282861567e-07,1.72276751016e-07,4.6229491707e-09,2,6.9074884056e-08,-2.34283125056e-07,5.36383391212e-08,-1.72277055788e-07,-4.62290793439e-09,2,0.000154775246407,9.06277521628e-06,-9.10217173254e-06,0.000154818790169,,1543.5,1025,310.614068991,0.129924836709,RA---TAN-SIP,DEC--TAN-SIP,deg,deg,2013-10-25T10:23:48,+00:08:15,2000.0,-0:59:46.06775,2048,3085,0.0,180.0,20:42:26,1.51,2
311.8,129717.114362,406.399993896,16,,32768.0,-18.73062675,2013-07-04T07:21:00,30.0,30.0,SA112-SF1-014R1.fit,R,,3325.0,"This WCS header was created by the program ""blind"".",LIGHT,Apogee USB/Net,2456477.80625,+46:52:00.41,-96:27:11.80,19:45:04.33,56477.30625,2,3085,2048,,+00:08:13,20:42:26,True,1,3073,True,Monochrome,-27.2000007629,True,+46:52:00.41,-96:27:11.80,MaxIm DL Version 5.21 130912 01A17,MNState Physics-1,FEDER,1,0,9.0,1,0,9.0,-2.60812453611e-07,1.92186447265e-07,-2.94701584391e-07,2,1.506,41.61612,-1.27319903066e-07,2.60812688095e-07,2.97327129987e-07,-1.92186247228e-07,2.94701225255e-07,2,160.6526,-8.47577415421e-08,2.1597646971e-07,3.27609777533e-08,2,-3.66260003206e-08,8.47578252097e-08,-3.00365838371e-08,-2.15976411931e-07,-3.2760956767e-08,2,0.000154785326435,9.07008503237e-06,-9.09555338676e-06,0.000154806596476,,1543.5,1025,310.613851276,0.129778861603,RA---TAN-SIP,DEC--TAN-SIP,deg,deg,2013-10-25T10:26:05,+00:08:13,2000.0,-0:57:21.67351,2048,3085,0.0,180.0,20:42:26,1.506,2
311.8,129717.114362,406.399993896,16,,32768.0,-18.8280675,2013-07-04T07:25:58,30.0,30.0,SA112-SF1-014R2.fit,R,,3325.0,"This WCS header was created by the program ""blind"".",LIGHT,Apogee USB/Net,2456477.8097,+46:52:00.41,-96:27:11.80,19:50:03.14,56477.3096991,2,3085,2048,,+00:08:16,20:42:26,True,1,3073,True,Monochrome,-27.2000007629,True,+46:52:00.41,-96:27:11.80,MaxIm DL Version 5.21 130912 01A17,MNState Physics-1,FEDER,1,0,9.0,1,0,9.0,-1.0265771477e-07,2.1078541368e-07,-2.56857220889e-07,2,1.498,41.88751,-1.08877182369e-07,1.02657832215e-07,2.35640219744e-07,-2.10785166908e-07,2.56856946823e-07,2,162.28141,-1.5090442231e-07,2.04591897824e-07,8.04863596323e-08,2,1.55869322996e-08,1.50904352457e-07,-6.2579230576e-08,-2.04591792698e-07,-8.04863054071e-08,2,0.000154765141022,9.05798342974e-06,-9.10832559654e-06,0.000154826977277,,1543.5,1025,310.613928886,0.129494084047,RA---TAN-SIP,DEC--TAN-SIP,deg,deg,2013-10-25T10:26:26,+00:08:16,2000.0,-0:52:22.85760,2048,3085,0.0,180.0,20:42:26,1.498,2
311.8,129717.114362,406.399993896,16,,32768.0,-18.79977825,2013-07-04T07:28:18,30.0,30.0,SA112-SF1-015R1.fit,R,,3325.0,"This WCS header was created by the program ""blind"".",LIGHT,Apogee USB/Net,2456477.81132,+46:52:00.41,-96:27:11.80,19:52:23.53,56477.3113194,2,3085,2048,,+00:08:13,20:42:26,True,1,3073,True,Monochrome,-27.2000007629,True,+46:52:00.41,-96:27:11.80,MaxIm DL Version 5.21 130912 01A17,MNState Physics-1,FEDER,1,0,9.0,1,0,9.0,-2.14431894217e-07,2.26210306773e-07,-2.18463283023e-07,2,1.494,42.00584,-1.23040276885e-07,2.14432050694e-07,1.76615991383e-07,-2.26210170035e-07,2.18463097771e-07,2,163.05159,-3.48419450273e-08,1.79327850088e-07,2.53070713495e-08,2,-2.19307306392e-08,3.48420226884e-08,-5.83556871061e-09,-1.7932789134e-07,-2.53070638569e-08,2,0.000154774942725,9.06511974705e-06,-9.10174429287e-06,0.00015482445684,,1543.5,1025,310.613858119,0.129392270591,RA---TAN-SIP,DEC--TAN-SIP,deg,deg,2013-10-25T10:28:34,+00:08:13,2000.0,-0:50:02.47428,2048,3085,0.0,180.0,20:42:26,1.494,2
311.8,129717.114362,406.399993896,16,,32768.0,-18.708624,2013-07-04T07:33:23,30.0,30.0,SA112-SF1-015R2.fit,R,,3325.0,"This WCS header was created by the program ""blind"".",LIGHT,Apogee USB/Net,2456477.81485,+46:52:00.41,-96:27:11.80,19:57:29.36,56477.3148495,2,3085,2048,,+00:08:16,20:42:26,True,1,3073,True,Monochrome,-27.2000007629,True,+46:52:00.41,-96:27:11.80,MaxIm DL Version 5.21 130912 01A17,MNState Physics-1,FEDER,1,0,9.0,1,0,9.0,-1.2119151573e-07,1.88638633644e-07,-2.27896991899e-07,2,1.487,42.24835,-6.94675178002e-08,1.21191586291e-07,1.70651920907e-07,-1.88638443776e-07,2.27896785056e-07,2,164.73841,-1.72796833319e-07,2.14225802486e-07,3.48484761618e-08,2,2.11209345122e-08,1.72796771463e-07,-4.23771436813e-08,-2.14225661494e-07,-3.48484568359e-08,2,0.000154771303321,9.06771920895e-06,-9.10343756238e-06,0.000154808659675,,1543.5,1025,310.614174784,0.129040060281,RA---TAN-SIP,DEC--TAN-SIP,deg,deg,2013-10-25T10:28:39,+00:08:16,2000.0,-0:44:56.63921,2048,3085,0.0,180.0,20:42:26,1.487,2
311.8,129717.114362,406.399993896,16,,32768.0,-18.74319975,2013-07-04T07:35:41,30.0,30.0,SA112-SF1-016R1.fit,R,,3325.0,"This WCS header was created by the program ""blind"".",LIGHT,Apogee USB/Net,2456477.81645,+46:52:00.41,-96:27:11.80,19:59:47.74,56477.3164468,2,3085,2048,,+00:08:13,20:42:26,True,1,3073,True,Monochrome,-27.2000007629,True,+46:52:00.41,-96:27:11.80,MaxIm DL Version 5.21 130912 01A17,MNState Physics-1,FEDER,1,0,9.0,1,0,9.0,-1.61057019304e-07,1.66488144235e-07,-2.89322889076e-07,2,1.484,42.34874,-6.85560401258e-08,1.61057227174e-07,2.54536640766e-07,-1.66487971591e-07,2.89322537677e-07,2,165.50603,-1.30898205699e-07,2.73604849215e-07,-1.84147323127e-08,2,-1.13363803907e-08,1.30898257484e-07,-1.23487601931e-08,-2.73604756121e-07,1.84147135705e-08,2,0.00015477264925,9.06228383155e-06,-9.10847606611e-06,0.000154824742288,,1543.5,1025,310.614832048,0.128924794707,RA---TAN-SIP,DEC--TAN-SIP,deg,deg,2013-10-25T10:30:35,+00:08:13,2000.0,-0:42:38.26136,2048,3085,0.0,180.0,20:42:26,1.484,2
311.8,129717.114362,406.399993896,16,,32768.0,-18.78720525,2013-07-04T07:40:41,30.0,30.0,SA112-SF1-016R2.fit,R,,3325.0,"This WCS header was created by the program ""blind"".",LIGHT,Apogee USB/Net,2456477.81992,+46:52:00.41,-96:27:11.80,20:04:48.56,56477.319919,2,3085,2048,,+00:08:12,20:42:26,True,1,3073,True,Monochrome,-27.2000007629,True,+46:52:00.41,-96:27:11.80,MaxIm DL Version 5.21 130912 01A17,MNState Physics-1,FEDER,1,0,9.0,1,0,9.0,-1.14400022065e-07,2.23423010484e-07,-2.57522233782e-07,2,1.479,42.55079,-1.11262312739e-07,1.14400189253e-07,2.24607846431e-07,-2.23422820842e-07,2.57521967338e-07,2,167.18254,-7.80818466922e-08,2.38838461916e-07,2.57660334255e-08,2,-7.59347990563e-09,7.80818836313e-08,-1.40126976986e-08,-2.38838478893e-07,-2.5766021409e-08,2,0.000154778227305,9.07680490741e-06,-9.10427141666e-06,0.000154821757637,,1543.5,1025,310.615052147,0.128534709543,RA---TAN-SIP,DEC--TAN-SIP,deg,deg,2013-10-25T10:30:43,+00:08:12,2000.0,-0:37:37.43999,2048,3085,0.0,180.0,20:42:26,1.479,2
311.8,129717.114362,406.399993896,16,,32768.0,-18.81863775,2013-07-04T07:43:01,30.0,30.0,SA112-SF1-017R1.fit,R,,3325.0,"This WCS header was created by the program ""blind"".",LIGHT,Apogee USB/Net,2456477.82154,+46:52:00.41,-96:27:11.80,20:07:08.94,56477.3215394,2,3085,2048,,+00:08:14,20:42:26,True,1,3073,True,Monochrome,-27.2000007629,True,+46:52:00.41,-96:27:11.80,MaxIm DL Version 5.21 130912 01A17,MNState Physics-1,FEDER,1,0,9.0,1,0,9.0,-1.41921790226e-07,1.88403028882e-07,-2.3041835138e-07,2,1.476,42.63738,-7.52829321646e-08,1.41921867283e-07,1.80034712862e-07,-1.88402825649e-07,2.30418133515e-07,2,167.96835,-1.57121487776e-07,2.2716251877e-07,5.46370941126e-08,2,1.37777864731e-08,1.57121461633e-07,-4.92650476384e-08,-2.27162391804e-07,-5.46370724969e-08,2,0.000154770158562,9.07765071176e-06,-9.10852557011e-06,0.000154806814921,,1543.5,1025,310.614855612,0.12837847421,RA---TAN-SIP,DEC--TAN-SIP,deg,deg,2013-10-25T10:32:25,+00:08:14,2000.0,-0:35:17.05667,2048,3085,0.0,180.0,20:42:26,1.476,2
311.8,129717.114362,406.399993896,16,,32768.0,-18.76834575,2013-07-04T07:48:01,30.0,30.0,SA112-SF1-017R2.fit,R,,3325.0,"This WCS header was created by the program ""blind"".",LIGHT,Apogee USB/Net,2456477.82501,+46:52:00.41,-96:27:11.80,20:12:09.76,56477.3250116,2,3085,2048,,+00:08:13,20:42:26,True,1,3073,True,Monochrome,-27.2000007629,True,+46:52:00.41,-96:27:11.80,MaxIm DL Version 5.21 130912 01A17,MNState Physics-1,FEDER,1,0,9.0,1,0,9.0,-1.79870165229e-07,1.44567728487e-07,-1.97715436096e-07,2,1.472,42.80336,-5.1563152212e-08,1.79870248662e-07,1.26515790324e-07,-1.44567621809e-07,1.97715278477e-07,2,169.65945,-7.88272006163e-08,1.8784251081e-07,1.13719763124e-08,2,-1.46484947598e-08,7.88272579383e-08,-1.15765107535e-08,-1.87842479208e-07,-1.13719785906e-08,2,0.000154778732557,9.07191072515e-06,-9.11243357017e-06,0.000154809553438,,1543.5,1025,310.614683116,0.127930509302,RA---TAN-SIP,DEC--TAN-SIP,deg,deg,2013-10-25T10:32:48,+00:08:13,2000.0,-0:30:16.23526,2048,3085,0.0,180.0,20:42:26,1.472,2
311.8,129717.114362,406.399993896,16,,32768.0,-18.79349175,2013-07-04T07:50:19,30.0,30.0,SA112-SF1-018R1.fit,R,,3325.0,"This WCS header was created by the program ""blind"".",LIGHT,Apogee USB/Net,2456477.82661,+46:52:00.41,-96:27:11.80,20:14:28.14,56477.3266088,2,3085,2048,,+00:08:14,20:42:26,True,1,3073,True,Monochrome,-27.2000007629,True,+46:52:00.41,-96:27:11.80,MaxIm DL Version 5.21 130912 01A17,MNState Physics-1,FEDER,1,0,9.0,1,0,9.0,-1.41940359291e-07,2.47606826701e-07,-2.49527183413e-07,2,1.47,42.87175,-1.43546222711e-07,1.4194046571e-07,2.32832928583e-07,-2.47606605813e-07,2.49526952122e-07,2,170.44019,-1.00583156107e-07,1.4019840821e-07,4.73990784585e-08,2,-9.54206259734e-10,1.00583137591e-07,-3.37820316165e-08,-1.40198377087e-07,-4.73990392089e-08,2,0.000154758641192,9.09055253496e-06,-9.10409697525e-06,0.000154804620401,,1543.5,1025,310.614701832,0.127803129133,RA---TAN-SIP,DEC--TAN-SIP,deg,deg,2013-10-25T10:35:10,+00:08:14,2000.0,-0:27:57.85745,2048,3085,0.0,180.0,20:42:26,1.47,2
311.8,129717.114362,406.399993896,16,,32768.0,-18.8280675,2013-07-04T07:55:17,30.0,30.0,SA112-SF1-018R2.fit,R,,3325.0,"This WCS header was created by the program ""blind"".",LIGHT,Apogee USB/Net,2456477.83006,+46:52:00.41,-96:27:11.80,20:19:26.96,56477.3300579,2,3085,2048,,+00:08:13,20:42:26,True,1,3073,True,Monochrome,-27.2000007629,True,+46:52:00.41,-96:27:11.80,MaxIm DL Version 5.21 130912 01A17,MNState Physics-1,FEDER,1,0,9.0,1,0,9.0,-1.4859389238e-07,2.01996294449e-07,-2.76504724364e-07,2,1.466,43.00045,-1.02192729932e-07,1.48593988089e-07,2.57662384895e-07,-2.01996037146e-07,2.76504424416e-07,2,172.13175,-2.04379576658e-07,1.79621926412e-07,4.57611765522e-08,2,2.32391411132e-08,2.04379433767e-07,-5.8709914453e-08,-1.79621733075e-07,-4.57611231837e-08,2,0.000154761880263,9.08280929374e-06,-9.11487815634e-06,0.000154803326887,,1543.5,1025,310.614967792,0.127456398886,RA---TAN-SIP,DEC--TAN-SIP,deg,deg,2013-10-25T10:35:29,+00:08:13,2000.0,-0:22:59.04151,2048,3085,0.0,180.0,20:42:26,1.466,2
311.8,129717.114362,406.399993896,16,,32768.0,-18.79349175,2013-07-04T07:57:36,30.0,30.0,SA112-SF1-019R1.fit,R,,3325.0,"This WCS header was created by the program ""blind"".",LIGHT,Apogee USB/Net,2456477.83167,+46:52:00.41,-96:27:11.80,20:21:46.34,56477.3316667,2,3085,2048,,+00:08:14,20:42:26,True,1,3073,True,Monochrome,-27.2000007629,True,+46:52:00.41,-96:27:11.80,MaxIm DL Version 5.21 130912 01A17,MNState Physics-1,FEDER,1,0,9.0,1,0,9.0,-1.56235041777e-07,2.76788297531e-07,-2.72777657696e-07,2,1.465,43.05236,-1.72170863907e-07,1.56235257296e-07,2.69969934231e-07,-2.76788090093e-07,2.72777372535e-07,2,172.92299,-3.44802534577e-08,2.0493274425e-07,2.42556114976e-08,2,-2.1726200381e-08,3.4480305677e-08,-2.14815817235e-09,-2.04932816715e-07,-2.42555911783e-08,2,0.000154787218507,9.09252572848e-06,-9.10984248329e-06,0.000154806989333,,1543.5,1025,310.614973752,0.127307267288,RA---TAN-SIP,DEC--TAN-SIP,deg,deg,2013-10-25T10:37:33,+00:08:14,2000.0,-0:20:39.66096,2048,3085,0.0,180.0,20:42:26,1.465,2
311.8,129717.114362,406.399993896,16,,32768.0,-18.746343,2013-07-04T08:02:34,30.0,30.0,SA112-SF1-019R2.fit,R,,3325.0,"This WCS header was created by the program ""blind"".",LIGHT,Apogee USB/Net,2456477.83512,+46:52:00.41,-96:27:11.80,20:26:45.15,56477.3351157,2,3085,2048,,+00:08:16,20:42:26,True,1,3073,True,Monochrome,-27.2000007629,True,+46:52:00.41,-96:27:11.80,MaxIm DL Version 5.21 130912 01A17,MNState Physics-1,FEDER,1,0,9.0,1,0,9.0,-2.78124276022e-07,2.13371346614e-07,-2.80962382856e-07,2,1.462,43.14525,-1.36270365578e-07,2.78124511015e-07,2.71699336648e-07,-2.13371151457e-07,2.80962059269e-07,2,174.62342,-7.17512535163e-08,2.21232350629e-07,2.28306136104e-08,2,-4.01258234371e-08,7.17513666469e-08,-1.67527453176e-08,-2.21232333802e-07,-2.28306048946e-08,2,0.000154773373641,9.08729016237e-06,-9.11314935225e-06,0.000154813881833,,1543.5,1025,310.614663318,0.126934534455,RA---TAN-SIP,DEC--TAN-SIP,deg,deg,2013-10-25T10:37:50,+00:08:16,2000.0,-0:15:40.84506,2048,3085,0.0,180.0,20:42:26,1.462,2
